{
    "state": "Active",
    "address": ["127.0.0.1", 53304],
    "all_neighbors": [{
        "ip": "127.0.0.1",
        "port": 38669,
        "send_to_count": 13,
        "recv_from_count": 12,
        "availability": 0.09938477305324648
    }, {
        "ip": "127.0.0.1",
        "port": 58625,
        "send_to_count": 23,
        "recv_from_count": 18,
        "availability": 0.16709794882440326
    }, {
        "ip": "127.0.0.1",
        "port": 39744,
        "send_to_count": 60,
        "recv_from_count": 54,
        "availability": 0.47599634065522184
    }, {
        "ip": "127.0.0.1",
        "port": 42239,
        "send_to_count": 12,
        "recv_from_count": 8,
        "availability": 0.0897583933277068
    }],
    "current_neighbors": [
        ["127.0.0.1", 58625],
        ["127.0.0.1", 38669]
    ],
    "topology": {
        "vertex": [
            ["127.0.0.1", 53304],
            ["127.0.0.1", 42239],
            ["127.0.0.1", 44313],
            ["127.0.0.1", 38669],
            ["127.0.0.1", 39744],
            ["127.0.0.1", 58625]
        ],
        "edges": [
            [
                ["127.0.0.1", 58625],
                ["127.0.0.1", 42239]
            ],
            [
                ["127.0.0.1", 38669],
                ["127.0.0.1", 53304]
            ],
            [
                ["127.0.0.1", 58625],
                ["127.0.0.1", 39744]
            ],
            [
                ["127.0.0.1", 39744],
                ["127.0.0.1", 58625]
            ],
            [
                ["127.0.0.1", 42239],
                ["127.0.0.1", 58625]
            ],
            [
                ["127.0.0.1", 53304],
                ["127.0.0.1", 38669]
            ],
            [
                ["127.0.0.1", 58625],
                ["127.0.0.1", 53304]
            ],
            [
                ["127.0.0.1", 53304],
                ["127.0.0.1", 42239]
            ],
            [
                ["127.0.0.1", 53304],
                ["127.0.0.1", 58625]
            ],
            [
                ["127.0.0.1", 53304],
                ["127.0.0.1", 44313]
            ],
            [
                ["127.0.0.1", 53304],
                ["127.0.0.1", 39744]
            ]
        ]
    }
}