{
    "state": "Active",
    "address": ["127.0.0.1", 39744],
    "all_neighbors": [{
        "ip": "127.0.0.1",
        "port": 44313,
        "send_to_count": 26,
        "recv_from_count": 20,
        "availability": 0.19207244987615713
    }, {
        "ip": "127.0.0.1",
        "port": 53304,
        "send_to_count": 59,
        "recv_from_count": 57,
        "availability": 0.4664984268220165
    }, {
        "ip": "127.0.0.1",
        "port": 58625,
        "send_to_count": 53,
        "recv_from_count": 35,
        "availability": 0.3582044992352132
    }],
    "current_neighbors": [
        ["127.0.0.1", 58625]
    ],
    "topology": {
        "vertex": [
            ["127.0.0.1", 53304],
            ["127.0.0.1", 42239],
            ["127.0.0.1", 44313],
            ["127.0.0.1", 38669],
            ["127.0.0.1", 39744],
            ["127.0.0.1", 58625]
        ],
        "edges": [
            [
                ["127.0.0.1", 39744],
                ["127.0.0.1", 44313]
            ],
            [
                ["127.0.0.1", 58625],
                ["127.0.0.1", 42239]
            ],
            [
                ["127.0.0.1", 58625],
                ["127.0.0.1", 39744]
            ],
            [
                ["127.0.0.1", 39744],
                ["127.0.0.1", 58625]
            ],
            [
                ["127.0.0.1", 39744],
                ["127.0.0.1", 53304]
            ],
            [
                ["127.0.0.1", 42239],
                ["127.0.0.1", 58625]
            ],
            [
                ["127.0.0.1", 58625],
                ["127.0.0.1", 53304]
            ],
            [
                ["127.0.0.1", 53304],
                ["127.0.0.1", 58625]
            ],
            [
                ["127.0.0.1", 39744],
                ["127.0.0.1", 38669]
            ],
            [
                ["127.0.0.1", 39744],
                ["127.0.0.1", 42239]
            ]
        ]
    }
}