{
    "state": "Active",
    "address": ["127.0.0.1", 42239],
    "all_neighbors": [{
        "ip": "127.0.0.1",
        "port": 44313,
        "send_to_count": 11,
        "recv_from_count": 5,
        "availability": 0.08560948387500622
    }, {
        "ip": "127.0.0.1",
        "port": 58625,
        "send_to_count": 14,
        "recv_from_count": 6,
        "availability": 0.09618581271076409
    }, {
        "ip": "127.0.0.1",
        "port": 53304,
        "send_to_count": 8,
        "recv_from_count": 9,
        "availability": 0.06609345487904218
    }],
    "current_neighbors": [
        ["127.0.0.1", 58625]
    ],
    "topology": {
        "vertex": [
            ["127.0.0.1", 53304],
            ["127.0.0.1", 42239],
            ["127.0.0.1", 44313],
            ["127.0.0.1", 38669],
            ["127.0.0.1", 39744],
            ["127.0.0.1", 58625]
        ],
        "edges": [
            [
                ["127.0.0.1", 42239],
                ["127.0.0.1", 39744]
            ],
            [
                ["127.0.0.1", 58625],
                ["127.0.0.1", 42239]
            ],
            [
                ["127.0.0.1", 42239],
                ["127.0.0.1", 38669]
            ],
            [
                ["127.0.0.1", 58625],
                ["127.0.0.1", 39744]
            ],
            [
                ["127.0.0.1", 42239],
                ["127.0.0.1", 53304]
            ],
            [
                ["127.0.0.1", 42239],
                ["127.0.0.1", 58625]
            ],
            [
                ["127.0.0.1", 39744],
                ["127.0.0.1", 58625]
            ],
            [
                ["127.0.0.1", 58625],
                ["127.0.0.1", 53304]
            ],
            [
                ["127.0.0.1", 53304],
                ["127.0.0.1", 58625]
            ],
            [
                ["127.0.0.1", 42239],
                ["127.0.0.1", 44313]
            ]
        ]
    }
}